user_id,signup_date,platform,plan_type,last_active_date,days_active,churned
U0000,2024-01-07,Android,Free,2024-01-21,7,1
U0001,2024-01-04,iOS,Free,2024-01-30,12,0
U0002,2024-01-08,Android,Trial,2024-01-30,22,0
U0003,2024-01-05,Android,Trial,2024-01-27,19,0
U0004,2024-01-07,iOS,Trial,2024-01-26,4,0
U0005,2024-01-10,iOS,Free,2024-01-28,11,0
U0006,2024-01-03,Android,Free,2024-01-24,5,0
U0007,2024-01-07,Android,Trial,2024-01-29,16,0
U0008,2024-01-08,iOS,Free,2024-01-30,18,0
U0009,2024-01-05,Android,Free,2024-01-30,21,0
U0010,2024-01-04,Android,Paid,2024-01-28,15,0
U0011,2024-01-08,Android,Paid,2024-01-29,6,0
U0012,2024-01-08,Android,Paid,2024-01-30,16,0
U0013,2024-01-03,iOS,Trial,2024-01-30,16,0
U0014,2024-01-06,iOS,Free,2024-01-29,19,0
U0015,2024-01-05,Android,Free,2024-01-30,16,0
U0016,2024-01-02,Android,Trial,2024-01-30,24,0
U0017,2024-01-08,Android,Trial,2024-01-29,16,0
U0018,2024-01-06,Android,Free,2024-01-30,23,0
U0019,2024-01-02,iOS,Free,2024-01-16,3,1
U0020,2024-01-05,Android,Free,2024-01-29,16,0
U0021,2024-01-01,Android,Trial,2024-01-30,13,0
U0022,2024-01-10,Android,Trial,2024-01-27,9,0
U0023,2024-01-06,Android,Trial,2024-01-27,23,0
U0024,2024-01-09,Android,Free,2024-01-29,19,0
U0025,2024-01-01,iOS,Paid,2024-01-30,20,0
U0026,2024-01-10,Android,Trial,2024-01-30,17,0
U0027,2024-01-03,iOS,Free,2024-01-29,16,0
U0028,2024-01-07,Android,Free,2024-01-30,24,0
U0029,2024-01-04,Android,Free,2024-01-29,6,0
U0030,2024-01-09,Android,Free,2024-01-25,17,0
U0031,2024-01-03,iOS,Paid,2024-01-26,7,0
U0032,2024-01-05,iOS,Free,2024-01-30,17,0
U0033,2024-01-03,Android,Trial,2024-01-29,17,0
U0034,2024-01-07,Android,Free,2024-01-21,13,1
U0035,2024-01-05,iOS,Free,2024-01-30,22,0
U0036,2024-01-09,Android,Free,2024-01-30,20,0
U0037,2024-01-07,Android,Free,2024-01-30,22,0
U0038,2024-01-02,iOS,Free,2024-01-30,13,0
U0039,2024-01-04,Android,Paid,2024-01-27,12,0
U0040,2024-01-09,Android,Trial,2024-01-27,7,0
U0041,2024-01-02,Android,Trial,2024-01-29,15,0
U0042,2024-01-10,Android,Free,2024-01-30,18,0
U0043,2024-01-09,Android,Free,2024-01-30,17,0
U0044,2024-01-10,iOS,Free,2024-01-23,9,1
U0045,2024-01-05,Android,Trial,2024-01-30,19,0
U0046,2024-01-02,Android,Free,2024-01-29,17,0
U0047,2024-01-04,Android,Free,2024-01-29,14,0
U0048,2024-01-07,Android,Trial,2024-01-30,19,0
U0049,2024-01-08,iOS,Free,2024-01-28,8,0
U0050,2024-01-03,Android,Free,2024-01-28,11,0
U0051,2024-01-01,Android,Free,2024-01-29,13,0
U0052,2024-01-04,iOS,Paid,2024-01-30,13,0
U0053,2024-01-02,Android,Trial,2024-01-24,5,0
U0054,2024-01-08,Android,Free,2024-01-28,9,0
U0055,2024-01-04,Android,Free,2024-01-30,24,0
U0056,2024-01-02,Android,Paid,2024-01-29,21,0
U0057,2024-01-06,Android,Trial,2024-01-30,19,0
U0058,2024-01-06,Android,Free,2024-01-30,5,0
U0059,2024-01-10,iOS,Trial,2024-01-30,18,0
U0060,2024-01-04,Android,Free,2024-01-30,19,0
U0061,2024-01-06,Android,Trial,2024-01-29,18,0
U0062,2024-01-02,Android,Trial,2024-01-26,4,0
U0063,2024-01-10,Android,Free,2024-01-29,23,0
U0064,2024-01-02,iOS,Paid,2024-01-29,20,0
U0065,2024-01-10,Android,Trial,2024-01-17,3,1
U0066,2024-01-04,Android,Trial,2024-01-30,20,0
U0067,2024-01-08,iOS,Free,2024-01-26,5,0
U0068,2024-01-07,Android,Free,2024-01-21,5,1
U0069,2024-01-09,Android,Free,2024-01-28,14,0
U0070,2024-01-08,Android,Trial,2024-01-30,17,0
U0071,2024-01-05,Android,Free,2024-01-30,9,0
U0072,2024-01-02,iOS,Trial,2024-01-30,16,0
U0073,2024-01-05,Android,Trial,2024-01-30,12,0
U0074,2024-01-08,Android,Free,2024-01-28,5,0
U0075,2024-01-10,Android,Trial,2024-01-25,5,0
U0076,2024-01-09,iOS,Free,2024-01-29,21,0
U0077,2024-01-09,Android,Paid,2024-01-30,16,0
U0078,2024-01-01,iOS,Free,2024-01-30,5,0
U0079,2024-01-09,Android,Free,2024-01-30,20,0
U0080,2024-01-07,iOS,Free,2024-01-30,8,0
U0081,2024-01-09,iOS,Free,2024-01-29,23,0
U0082,2024-01-08,iOS,Trial,2024-01-30,24,0
U0083,2024-01-01,iOS,Trial,2024-01-30,24,0
U0084,2024-01-08,Android,Trial,2024-01-30,21,0
U0085,2024-01-08,Android,Free,2024-01-30,19,0
U0086,2024-01-03,Android,Free,2024-01-30,20,0
U0087,2024-01-01,Android,Free,2024-01-30,22,0
U0088,2024-01-08,Android,Trial,2024-01-29,19,0
U0089,2024-01-03,Android,Trial,2024-01-30,7,0
U0090,2024-01-03,Android,Free,2024-01-27,5,0
U0091,2024-01-01,Android,Free,2024-01-29,16,0
U0092,2024-01-05,iOS,Trial,2024-01-21,3,1
U0093,2024-01-10,Android,Trial,2024-01-30,7,0
U0094,2024-01-07,iOS,Trial,2024-01-29,6,0
U0095,2024-01-10,iOS,Trial,2024-01-30,15,0
U0096,2024-01-09,iOS,Free,2024-01-30,20,0
U0097,2024-01-07,Android,Free,2024-01-26,3,0
U0098,2024-01-09,iOS,Trial,2024-01-29,13,0
U0099,2024-01-08,iOS,Trial,2024-01-29,6,0
U0100,2024-01-02,iOS,Free,2024-01-30,12,0
U0101,2024-01-01,Android,Trial,2024-01-29,19,0
U0102,2024-01-07,Android,Trial,2024-01-30,13,0
U0103,2024-01-07,Android,Trial,2024-01-30,6,0
U0104,2024-01-08,Android,Trial,2024-01-30,20,0
U0105,2024-01-05,Android,Free,2024-01-30,24,0
U0106,2024-01-03,iOS,Trial,2024-01-29,6,0
U0107,2024-01-08,iOS,Trial,2024-01-27,9,0
U0108,2024-01-06,Android,Trial,2024-01-22,8,1
U0109,2024-01-03,iOS,Trial,2024-01-27,16,0
U0110,2024-01-01,Android,Trial,2024-01-30,5,0
U0111,2024-01-03,iOS,Free,2024-01-29,10,0
U0112,2024-01-05,iOS,Trial,2024-01-30,17,0
U0113,2024-01-03,Android,Trial,2024-01-30,16,0
U0114,2024-01-01,Android,Trial,2024-01-29,18,0
U0115,2024-01-05,iOS,Trial,2024-01-29,11,0
U0116,2024-01-10,Android,Trial,2024-01-12,4,1
U0117,2024-01-07,Android,Free,2024-01-29,11,0
U0118,2024-01-07,iOS,Trial,2024-01-30,12,0
U0119,2024-01-09,Android,Free,2024-01-30,24,0
U0120,2024-01-10,iOS,Free,2024-01-25,14,0
U0121,2024-01-10,Android,Trial,2024-01-29,10,0
U0122,2024-01-03,iOS,Trial,2024-01-28,10,0
U0123,2024-01-07,Android,Free,2024-01-30,23,0
U0124,2024-01-01,iOS,Free,2024-01-21,4,1
U0125,2024-01-04,iOS,Trial,2024-01-30,9,0
U0126,2024-01-04,Android,Free,2024-01-29,13,0
U0127,2024-01-05,Android,Free,2024-01-22,5,1
U0128,2024-01-07,iOS,Free,2024-01-30,15,0
U0129,2024-01-07,Android,Free,2024-01-28,11,0
U0130,2024-01-04,Android,Free,2024-01-30,5,0
U0131,2024-01-07,Android,Free,2024-01-29,13,0
U0132,2024-01-03,Android,Free,2024-01-08,3,1
U0133,2024-01-06,iOS,Trial,2024-01-30,22,0
U0134,2024-01-02,Android,Trial,2024-01-30,13,0
U0135,2024-01-10,Android,Trial,2024-01-30,16,0
U0136,2024-01-09,Android,Free,2024-01-17,5,1
U0137,2024-01-05,Android,Free,2024-01-29,23,0
U0138,2024-01-06,Android,Trial,2024-01-30,20,0
U0139,2024-01-04,Android,Free,2024-01-30,17,0
U0140,2024-01-10,iOS,Free,2024-01-30,24,0
U0141,2024-01-07,Android,Trial,2024-01-30,18,0
U0142,2024-01-09,Android,Trial,2024-01-30,20,0
U0143,2024-01-07,iOS,Free,2024-01-30,21,0
U0144,2024-01-01,Android,Free,2024-01-29,10,0
U0145,2024-01-01,iOS,Trial,2024-01-29,22,0
U0146,2024-01-09,Android,Free,2024-01-30,12,0
U0147,2024-01-09,Android,Trial,2024-01-29,19,0
U0148,2024-01-04,Android,Trial,2024-01-29,18,0
U0149,2024-01-09,Android,Paid,2024-01-30,19,0
U0150,2024-01-03,iOS,Free,2024-01-29,8,0
U0151,2024-01-07,Android,Trial,2024-01-28,5,0
U0152,2024-01-06,Android,Trial,2024-01-26,4,0
U0153,2024-01-08,Android,Free,2024-01-28,12,0
U0154,2024-01-09,Android,Free,2024-01-22,7,1
U0155,2024-01-05,iOS,Trial,2024-01-30,15,0
U0156,2024-01-01,Android,Free,2024-01-24,15,0
U0157,2024-01-03,Android,Free,2024-01-24,4,0
U0158,2024-01-10,Android,Free,2024-01-30,14,0
U0159,2024-01-08,Android,Trial,2024-01-30,24,0
U0160,2024-01-06,iOS,Trial,2024-01-30,16,0
U0161,2024-01-08,Android,Trial,2024-01-20,3,1
U0162,2024-01-09,iOS,Free,2024-01-29,10,0
U0163,2024-01-04,Android,Free,2024-01-30,18,0
U0164,2024-01-01,Android,Trial,2024-01-30,12,0
U0165,2024-01-01,iOS,Free,2024-01-30,10,0
U0166,2024-01-10,Android,Free,2024-01-29,17,0
U0167,2024-01-04,Android,Trial,2024-01-27,8,0
U0168,2024-01-07,iOS,Paid,2024-01-30,19,0
U0169,2024-01-02,Android,Trial,2024-01-30,18,0
U0170,2024-01-03,iOS,Trial,2024-01-30,24,0
U0171,2024-01-01,Android,Paid,2024-01-28,21,0
U0172,2024-01-05,iOS,Free,2024-01-30,4,0
U0173,2024-01-01,iOS,Trial,2024-01-30,14,0
U0174,2024-01-08,Android,Paid,2024-01-30,24,0
U0175,2024-01-01,iOS,Free,2024-01-30,10,0
U0176,2024-01-01,Android,Trial,2024-01-29,14,0
U0177,2024-01-02,iOS,Trial,2024-01-30,16,0
U0178,2024-01-02,Android,Trial,2024-01-30,22,0
U0179,2024-01-06,Android,Trial,2024-01-30,7,0
U0180,2024-01-07,Android,Paid,2024-01-25,3,0
U0181,2024-01-05,Android,Trial,2024-01-29,23,0
U0182,2024-01-01,Android,Free,2024-01-30,24,0
U0183,2024-01-01,iOS,Trial,2024-01-28,3,0
U0184,2024-01-03,iOS,Free,2024-01-29,19,0
U0185,2024-01-02,iOS,Free,2024-01-28,12,0
U0186,2024-01-05,Android,Free,2024-01-28,13,0
U0187,2024-01-10,Android,Free,2024-01-30,16,0
U0188,2024-01-06,Android,Free,2024-01-30,13,0
U0189,2024-01-07,Android,Paid,2024-01-30,16,0
U0190,2024-01-04,Android,Trial,2024-01-30,24,0
U0191,2024-01-07,Android,Trial,2024-01-30,10,0
U0192,2024-01-08,iOS,Free,2024-01-29,15,0
U0193,2024-01-01,Android,Paid,2024-01-30,23,0
U0194,2024-01-06,Android,Paid,2024-01-27,10,0
U0195,2024-01-08,Android,Trial,2024-01-28,10,0
U0196,2024-01-05,Android,Free,2024-01-30,4,0
U0197,2024-01-04,Android,Free,2024-01-29,17,0
U0198,2024-01-02,iOS,Free,2024-01-25,6,0
U0199,2024-01-06,Android,Free,2024-01-30,23,0
U0200,2024-01-06,Android,Free,2024-01-30,9,0
U0201,2024-01-01,Android,Paid,2024-01-27,15,0
U0202,2024-01-09,iOS,Free,2024-01-30,8,0
U0203,2024-01-06,iOS,Free,2024-01-30,10,0
U0204,2024-01-03,iOS,Free,2024-01-30,22,0
U0205,2024-01-04,Android,Free,2024-01-28,15,0
U0206,2024-01-04,Android,Free,2024-01-30,14,0
U0207,2024-01-03,Android,Free,2024-01-26,4,0
U0208,2024-01-10,iOS,Free,2024-01-30,14,0
U0209,2024-01-03,iOS,Trial,2024-01-30,18,0
U0210,2024-01-03,Android,Paid,2024-01-11,4,1
U0211,2024-01-04,iOS,Free,2024-01-26,18,0
U0212,2024-01-07,iOS,Free,2024-01-29,15,0
U0213,2024-01-04,Android,Trial,2024-01-28,8,0
U0214,2024-01-09,iOS,Free,2024-01-28,20,0
U0215,2024-01-01,iOS,Free,2024-01-30,9,0
U0216,2024-01-08,Android,Trial,2024-01-28,4,0
U0217,2024-01-07,Android,Free,2024-01-07,3,1
U0218,2024-01-02,Android,Trial,2024-01-29,15,0
U0219,2024-01-08,Android,Trial,2024-01-27,3,0
U0220,2024-01-01,Android,Free,2024-01-25,7,0
U0221,2024-01-09,Android,Free,2024-01-29,13,0
U0222,2024-01-09,iOS,Trial,2024-01-28,21,0
U0223,2024-01-02,Android,Free,2024-01-30,4,0
U0224,2024-01-07,Android,Free,2024-01-30,3,0
U0225,2024-01-10,Android,Trial,2024-01-30,8,0
U0226,2024-01-03,Android,Trial,2024-01-28,11,0
U0227,2024-01-07,iOS,Free,2024-01-30,18,0
U0228,2024-01-10,Android,Trial,2024-01-27,3,0
U0229,2024-01-09,Android,Free,2024-01-29,7,0
U0230,2024-01-04,Android,Trial,2024-01-30,17,0
U0231,2024-01-01,iOS,Trial,2024-01-28,15,0
U0232,2024-01-02,iOS,Trial,2024-01-28,3,0
U0233,2024-01-01,Android,Free,2024-01-30,12,0
U0234,2024-01-05,Android,Paid,2024-01-20,4,1
U0235,2024-01-05,Android,Free,2024-01-21,6,1
U0236,2024-01-07,Android,Trial,2024-01-30,21,0
U0237,2024-01-09,Android,Free,2024-01-30,12,0
U0238,2024-01-09,Android,Free,2024-01-29,15,0
U0239,2024-01-03,Android,Free,2024-01-30,20,0
U0240,2024-01-03,Android,Paid,2024-01-28,4,0
U0241,2024-01-03,iOS,Paid,2024-01-30,20,0
U0242,2024-01-04,Android,Free,2024-01-30,22,0
U0243,2024-01-08,Android,Free,2024-01-30,9,0
U0244,2024-01-06,Android,Trial,2024-01-29,5,0
U0245,2024-01-08,Android,Free,2024-01-23,3,1
U0246,2024-01-01,iOS,Free,2024-01-21,4,1
U0247,2024-01-08,Android,Trial,2024-01-26,17,0
U0248,2024-01-04,Android,Trial,2024-01-23,4,1
U0249,2024-01-01,iOS,Paid,2024-01-30,20,0
U0250,2024-01-08,Android,Free,2024-01-30,23,0
U0251,2024-01-04,Android,Free,2024-01-30,8,0
U0252,2024-01-06,iOS,Trial,2024-01-29,24,0
U0253,2024-01-08,Android,Trial,2024-01-30,10,0
U0254,2024-01-04,Android,Trial,2024-01-30,18,0
U0255,2024-01-03,iOS,Trial,2024-01-30,22,0
U0256,2024-01-09,Android,Free,2024-01-29,13,0
U0257,2024-01-03,Android,Trial,2024-01-30,17,0
U0258,2024-01-09,Android,Free,2024-01-29,12,0
U0259,2024-01-02,iOS,Free,2024-01-24,6,0
U0260,2024-01-02,Android,Trial,2024-01-30,7,0
U0261,2024-01-02,Android,Free,2024-01-30,9,0
U0262,2024-01-06,Android,Free,2024-01-28,11,0
U0263,2024-01-03,Android,Trial,2024-01-25,13,0
U0264,2024-01-09,Android,Free,2024-01-30,16,0
U0265,2024-01-04,Android,Trial,2024-01-29,13,0
U0266,2024-01-01,Android,Free,2024-01-29,19,0
U0267,2024-01-04,Android,Trial,2024-01-29,18,0
U0268,2024-01-01,Android,Free,2024-01-30,23,0
U0269,2024-01-05,Android,Free,2024-01-29,6,0
U0270,2024-01-04,Android,Paid,2024-01-29,17,0
U0271,2024-01-08,Android,Trial,2024-01-30,19,0
U0272,2024-01-08,iOS,Free,2024-01-30,14,0
U0273,2024-01-07,Android,Free,2024-01-30,24,0
U0274,2024-01-03,Android,Trial,2024-01-25,9,0
U0275,2024-01-01,Android,Trial,2024-01-29,24,0
U0276,2024-01-01,iOS,Trial,2024-01-28,9,0
U0277,2024-01-03,iOS,Trial,2024-01-30,20,0
U0278,2024-01-06,Android,Free,2024-01-30,24,0
U0279,2024-01-07,Android,Free,2024-01-27,10,0
U0280,2024-01-06,iOS,Trial,2024-01-29,24,0
U0281,2024-01-06,Android,Free,2024-01-30,21,0
U0282,2024-01-06,Android,Free,2024-01-27,15,0
U0283,2024-01-03,Android,Paid,2024-01-30,22,0
U0284,2024-01-06,Android,Trial,2024-01-28,4,0
U0285,2024-01-08,iOS,Trial,2024-01-21,3,1
U0286,2024-01-02,iOS,Trial,2024-01-29,20,0
U0287,2024-01-05,Android,Trial,2024-01-22,7,1
U0288,2024-01-01,Android,Free,2024-01-21,7,1
U0289,2024-01-01,iOS,Free,2024-01-27,10,0
U0290,2024-01-05,iOS,Free,2024-01-30,10,0
U0291,2024-01-03,Android,Free,2024-01-28,12,0
U0292,2024-01-04,iOS,Trial,2024-01-29,12,0
U0293,2024-01-03,iOS,Free,2024-01-29,12,0
U0294,2024-01-01,iOS,Free,2024-01-27,11,0
U0295,2024-01-01,Android,Free,2024-01-30,7,0
U0296,2024-01-05,Android,Free,2024-01-30,21,0
U0297,2024-01-06,iOS,Free,2024-01-30,14,0
U0298,2024-01-03,Android,Free,2024-01-30,19,0
U0299,2024-01-09,iOS,Free,2024-01-30,16,0
U0300,2024-01-05,Android,Free,2024-01-22,10,1
U0301,2024-01-08,Android,Free,2024-01-20,5,1
U0302,2024-01-01,Android,Trial,2024-01-26,5,0
U0303,2024-01-05,Android,Free,2024-01-30,18,0
U0304,2024-01-03,iOS,Free,2024-01-29,14,0
U0305,2024-01-01,iOS,Trial,2024-01-30,16,0
U0306,2024-01-04,iOS,Free,2024-01-29,22,0
U0307,2024-01-05,Android,Trial,2024-01-29,12,0
U0308,2024-01-07,Android,Trial,2024-01-29,19,0
U0309,2024-01-01,Android,Free,2024-01-29,21,0
U0310,2024-01-03,Android,Trial,2024-01-30,22,0
U0311,2024-01-02,Android,Free,2024-01-25,6,0
U0312,2024-01-09,Android,Trial,2024-01-30,20,0
U0313,2024-01-10,Android,Free,2024-01-22,3,1
U0314,2024-01-06,Android,Trial,2024-01-14,3,1
U0315,2024-01-10,iOS,Free,2024-01-30,24,0
U0316,2024-01-03,iOS,Trial,2024-01-29,20,0
U0317,2024-01-08,Android,Trial,2024-01-30,4,0
U0318,2024-01-08,Android,Free,2024-01-30,8,0
U0319,2024-01-02,iOS,Free,2024-01-21,9,1
U0320,2024-01-06,Android,Trial,2024-01-30,13,0
U0321,2024-01-07,iOS,Trial,2024-01-29,14,0
U0322,2024-01-02,iOS,Free,2024-01-22,6,1
U0323,2024-01-10,Android,Trial,2024-01-23,10,1
U0324,2024-01-02,Android,Paid,2024-01-28,19,0
U0325,2024-01-10,Android,Trial,2024-01-29,11,0
U0326,2024-01-01,Android,Free,2024-01-30,22,0
U0327,2024-01-08,Android,Trial,2024-01-30,18,0
U0328,2024-01-01,iOS,Free,2024-01-29,8,0
U0329,2024-01-09,Android,Paid,2024-01-30,20,0
U0330,2024-01-06,Android,Free,2024-01-27,15,0
U0331,2024-01-07,iOS,Free,2024-01-30,24,0
U0332,2024-01-10,iOS,Trial,2024-01-22,7,1
U0333,2024-01-07,Android,Free,2024-01-30,22,0
U0334,2024-01-10,Android,Paid,2024-01-30,15,0
U0335,2024-01-03,Android,Paid,2024-01-20,5,1
U0336,2024-01-02,Android,Trial,2024-01-30,21,0
U0337,2024-01-09,Android,Free,2024-01-28,9,0
U0338,2024-01-08,Android,Trial,2024-01-27,5,0
U0339,2024-01-10,iOS,Free,2024-01-29,9,0
U0340,2024-01-07,Android,Free,2024-01-30,21,0
U0341,2024-01-09,iOS,Trial,2024-01-28,14,0
U0342,2024-01-04,iOS,Free,2024-01-29,22,0
U0343,2024-01-04,Android,Free,2024-01-30,11,0
U0344,2024-01-01,iOS,Paid,2024-01-29,15,0
U0345,2024-01-08,Android,Free,2024-01-30,3,0
U0346,2024-01-03,iOS,Free,2024-01-20,8,1
U0347,2024-01-07,Android,Paid,2024-01-30,18,0
U0348,2024-01-02,Android,Free,2024-01-30,15,0
U0349,2024-01-02,Android,Trial,2024-01-26,8,0
U0350,2024-01-07,iOS,Paid,2024-01-28,23,0
U0351,2024-01-06,iOS,Paid,2024-01-29,23,0
U0352,2024-01-03,Android,Trial,2024-01-27,4,0
U0353,2024-01-09,iOS,Free,2024-01-29,15,0
U0354,2024-01-10,Android,Free,2024-01-30,21,0
U0355,2024-01-06,Android,Trial,2024-01-30,11,0
U0356,2024-01-10,Android,Trial,2024-01-30,24,0
U0357,2024-01-10,Android,Trial,2024-01-23,10,1
U0358,2024-01-06,Android,Free,2024-01-25,10,0
U0359,2024-01-01,iOS,Free,2024-01-18,6,1
U0360,2024-01-04,Android,Free,2024-01-28,11,0
U0361,2024-01-10,Android,Trial,2024-01-25,8,0
U0362,2024-01-06,Android,Free,2024-01-30,17,0
U0363,2024-01-06,iOS,Paid,2024-01-28,6,0
U0364,2024-01-05,iOS,Trial,2024-01-29,22,0
U0365,2024-01-01,Android,Free,2024-01-30,22,0
U0366,2024-01-08,iOS,Trial,2024-01-27,15,0
U0367,2024-01-05,Android,Free,2024-01-26,6,0
U0368,2024-01-05,iOS,Trial,2024-01-29,10,0
U0369,2024-01-07,Android,Trial,2024-01-27,7,0
U0370,2024-01-04,iOS,Trial,2024-01-30,11,0
U0371,2024-01-06,Android,Trial,2024-01-30,13,0
U0372,2024-01-04,Android,Free,2024-01-27,17,0
U0373,2024-01-03,iOS,Free,2024-01-30,14,0
U0374,2024-01-07,Android,Trial,2024-01-30,20,0
U0375,2024-01-08,Android,Free,2024-01-28,11,0
U0376,2024-01-04,Android,Free,2024-01-29,20,0
U0377,2024-01-02,Android,Free,2024-01-28,9,0
U0378,2024-01-10,Android,Trial,2024-01-30,15,0
U0379,2024-01-03,Android,Free,2024-01-27,4,0
U0380,2024-01-01,Android,Trial,2024-01-29,12,0
U0381,2024-01-08,Android,Paid,2024-01-30,20,0
U0382,2024-01-03,iOS,Free,2024-01-21,5,1
U0383,2024-01-10,Android,Free,2024-01-30,21,0
U0384,2024-01-07,Android,Free,2024-01-28,18,0
U0385,2024-01-10,Android,Trial,2024-01-29,5,0
U0386,2024-01-05,Android,Free,2024-01-29,12,0
U0387,2024-01-10,iOS,Free,2024-01-29,15,0
U0388,2024-01-05,Android,Free,2024-01-21,3,1
U0389,2024-01-07,Android,Trial,2024-01-30,19,0
U0390,2024-01-09,iOS,Free,2024-01-26,12,0
U0391,2024-01-05,iOS,Trial,2024-01-27,8,0
U0392,2024-01-01,Android,Paid,2024-01-30,19,0
U0393,2024-01-10,iOS,Free,2024-01-28,10,0
U0394,2024-01-10,iOS,Trial,2024-01-20,4,1
U0395,2024-01-01,Android,Free,2024-01-30,9,0
U0396,2024-01-02,iOS,Trial,2024-01-25,3,0
U0397,2024-01-06,iOS,Trial,2024-01-29,20,0
U0398,2024-01-09,Android,Trial,2024-01-26,12,0
U0399,2024-01-08,Android,Free,2024-01-29,23,0
U0400,2024-01-05,Android,Free,2024-01-30,11,0
U0401,2024-01-01,iOS,Free,2024-01-30,15,0
U0402,2024-01-07,iOS,Free,2024-01-30,16,0
U0403,2024-01-05,Android,Free,2024-01-30,19,0
U0404,2024-01-06,Android,Free,2024-01-30,22,0
U0405,2024-01-07,Android,Free,2024-01-30,12,0
U0406,2024-01-03,Android,Free,2024-01-30,8,0
U0407,2024-01-10,Android,Trial,2024-01-24,9,0
U0408,2024-01-03,Android,Free,2024-01-30,6,0
U0409,2024-01-05,iOS,Free,2024-01-25,7,0
U0410,2024-01-06,Android,Free,2024-01-30,18,0
U0411,2024-01-09,iOS,Free,2024-01-30,11,0
U0412,2024-01-05,Android,Paid,2024-01-29,24,0
U0413,2024-01-01,Android,Free,2024-01-30,22,0
U0414,2024-01-04,Android,Trial,2024-01-30,24,0
U0415,2024-01-05,Android,Paid,2024-01-29,13,0
U0416,2024-01-10,iOS,Trial,2024-01-30,18,0
U0417,2024-01-10,Android,Trial,2024-01-30,10,0
U0418,2024-01-05,iOS,Trial,2024-01-29,17,0
U0419,2024-01-07,Android,Paid,2024-01-30,13,0
U0420,2024-01-04,iOS,Trial,2024-01-29,21,0
U0421,2024-01-01,Android,Trial,2024-01-30,18,0
U0422,2024-01-05,iOS,Trial,2024-01-30,24,0
U0423,2024-01-07,iOS,Trial,2024-01-30,14,0
U0424,2024-01-10,Android,Trial,2024-01-29,18,0
U0425,2024-01-10,Android,Free,2024-01-29,18,0
U0426,2024-01-06,iOS,Free,2024-01-29,8,0
U0427,2024-01-05,iOS,Free,2024-01-30,16,0
U0428,2024-01-04,Android,Free,2024-01-27,4,0
U0429,2024-01-02,iOS,Free,2024-01-24,4,0
U0430,2024-01-04,iOS,Free,2024-01-30,15,0
U0431,2024-01-10,iOS,Trial,2024-01-28,14,0
U0432,2024-01-10,iOS,Free,2024-01-29,19,0
U0433,2024-01-03,iOS,Trial,2024-01-27,12,0
U0434,2024-01-10,Android,Free,2024-01-27,19,0
U0435,2024-01-01,Android,Free,2024-01-28,16,0
U0436,2024-01-08,Android,Trial,2024-01-28,18,0
U0437,2024-01-05,iOS,Trial,2024-01-30,3,0
U0438,2024-01-04,iOS,Free,2024-01-30,21,0
U0439,2024-01-08,Android,Trial,2024-01-26,14,0
U0440,2024-01-07,iOS,Trial,2024-01-30,18,0
U0441,2024-01-02,iOS,Free,2024-01-30,17,0
U0442,2024-01-01,Android,Free,2024-01-29,20,0
U0443,2024-01-04,Android,Paid,2024-01-30,21,0
U0444,2024-01-08,Android,Trial,2024-01-29,12,0
U0445,2024-01-02,Android,Trial,2024-01-28,15,0
U0446,2024-01-03,Android,Trial,2024-01-27,5,0
U0447,2024-01-01,Android,Free,2024-01-23,4,1
U0448,2024-01-01,Android,Free,2024-01-30,19,0
U0449,2024-01-03,Android,Free,2024-01-28,3,0
U0450,2024-01-05,Android,Trial,2024-01-29,13,0
U0451,2024-01-03,Android,Trial,2024-01-24,4,0
U0452,2024-01-01,iOS,Trial,2024-01-30,10,0
U0453,2024-01-01,Android,Free,2024-01-25,10,0
U0454,2024-01-08,iOS,Free,2024-01-24,7,0
U0455,2024-01-10,iOS,Free,2024-01-29,23,0
U0456,2024-01-02,Android,Trial,2024-01-27,6,0
U0457,2024-01-03,Android,Trial,2024-01-24,13,0
U0458,2024-01-02,Android,Free,2024-01-23,6,1
U0459,2024-01-03,Android,Trial,2024-01-29,7,0
U0460,2024-01-07,Android,Free,2024-01-30,19,0
U0461,2024-01-01,Android,Paid,2024-01-30,23,0
U0462,2024-01-10,Android,Free,2024-01-25,11,0
U0463,2024-01-08,Android,Trial,2024-01-28,21,0
U0464,2024-01-10,Android,Free,2024-01-26,5,0
U0465,2024-01-10,Android,Paid,2024-01-30,11,0
U0466,2024-01-10,Android,Free,2024-01-30,10,0
U0467,2024-01-02,Android,Free,2024-01-29,17,0
U0468,2024-01-03,Android,Free,2024-01-30,15,0
U0469,2024-01-09,iOS,Free,2024-01-18,6,1
U0470,2024-01-07,Android,Free,2024-01-30,17,0
U0471,2024-01-04,Android,Paid,2024-01-29,18,0
U0472,2024-01-10,Android,Free,2024-01-30,5,0
U0473,2024-01-05,Android,Trial,2024-01-30,22,0
U0474,2024-01-02,iOS,Trial,2024-01-29,15,0
U0475,2024-01-08,iOS,Trial,2024-01-30,7,0
U0476,2024-01-04,Android,Free,2024-01-30,18,0
U0477,2024-01-09,iOS,Free,2024-01-27,6,0
U0478,2024-01-05,iOS,Trial,2024-01-30,16,0
U0479,2024-01-09,iOS,Paid,2024-01-29,13,0
U0480,2024-01-04,iOS,Free,2024-01-30,17,0
U0481,2024-01-10,iOS,Free,2024-01-29,10,0
U0482,2024-01-05,Android,Free,2024-01-30,22,0
U0483,2024-01-09,Android,Paid,2024-01-26,5,0
U0484,2024-01-08,Android,Free,2024-01-29,22,0
U0485,2024-01-03,Android,Free,2024-01-30,18,0
U0486,2024-01-01,Android,Trial,2024-01-29,7,0
U0487,2024-01-03,Android,Free,2024-01-30,8,0
U0488,2024-01-04,Android,Free,2024-01-29,18,0
U0489,2024-01-02,iOS,Trial,2024-01-21,6,1
U0490,2024-01-01,iOS,Paid,2024-01-26,4,0
U0491,2024-01-07,Android,Free,2024-01-29,16,0
U0492,2024-01-08,Android,Free,2024-01-30,19,0
U0493,2024-01-07,iOS,Free,2024-01-30,10,0
U0494,2024-01-05,Android,Free,2024-01-30,23,0
U0495,2024-01-01,iOS,Trial,2024-01-27,6,0
U0496,2024-01-07,Android,Free,2024-01-30,10,0
U0497,2024-01-07,Android,Free,2024-01-27,6,0
U0498,2024-01-09,iOS,Free,2024-01-24,10,0
U0499,2024-01-03,Android,Trial,2024-01-30,6,0
U0500,2024-01-09,Android,Trial,2024-01-29,14,0
U0501,2024-01-01,iOS,Trial,2024-01-23,4,1
U0502,2024-01-01,Android,Free,2024-01-27,8,0
U0503,2024-01-04,Android,Trial,2024-01-27,6,0
U0504,2024-01-09,iOS,Trial,2024-01-29,20,0
U0505,2024-01-06,Android,Free,2024-01-29,23,0
U0506,2024-01-03,iOS,Free,2024-01-25,13,0
U0507,2024-01-01,Android,Free,2024-01-30,9,0
U0508,2024-01-04,Android,Free,2024-01-30,20,0
U0509,2024-01-09,Android,Free,2024-01-29,6,0
U0510,2024-01-03,Android,Free,2024-01-26,7,0
U0511,2024-01-09,iOS,Free,2024-01-30,14,0
U0512,2024-01-07,iOS,Trial,2024-01-30,19,0
U0513,2024-01-04,Android,Free,2024-01-30,10,0
U0514,2024-01-03,iOS,Trial,2024-01-30,18,0
U0515,2024-01-10,Android,Trial,2024-01-21,3,1
U0516,2024-01-05,Android,Trial,2024-01-25,6,0
U0517,2024-01-05,Android,Trial,2024-01-30,18,0
U0518,2024-01-03,Android,Free,2024-01-30,7,0
U0519,2024-01-09,Android,Trial,2024-01-30,23,0
U0520,2024-01-04,iOS,Free,2024-01-17,4,1
U0521,2024-01-05,Android,Free,2024-01-22,11,1
U0522,2024-01-04,Android,Paid,2024-01-28,11,0
U0523,2024-01-05,Android,Free,2024-01-30,12,0
U0524,2024-01-07,Android,Free,2024-01-30,20,0
U0525,2024-01-09,iOS,Trial,2024-01-30,16,0
U0526,2024-01-07,Android,Trial,2024-01-30,21,0
U0527,2024-01-05,Android,Trial,2024-01-30,24,0
U0528,2024-01-10,Android,Free,2024-01-29,7,0
U0529,2024-01-10,Android,Trial,2024-01-28,14,0
U0530,2024-01-07,Android,Free,2024-01-30,23,0
U0531,2024-01-10,Android,Trial,2024-01-30,24,0
U0532,2024-01-05,iOS,Paid,2024-01-29,15,0
U0533,2024-01-03,iOS,Trial,2024-01-30,15,0
U0534,2024-01-07,Android,Trial,2024-01-30,24,0
U0535,2024-01-02,Android,Free,2024-01-26,17,0
U0536,2024-01-09,Android,Trial,2024-01-30,23,0
U0537,2024-01-10,Android,Trial,2024-01-27,15,0
U0538,2024-01-10,Android,Free,2024-01-28,12,0
U0539,2024-01-01,Android,Trial,2024-01-29,16,0
U0540,2024-01-06,Android,Free,2024-01-30,12,0
U0541,2024-01-07,Android,Trial,2024-01-30,20,0
U0542,2024-01-08,Android,Trial,2024-01-29,8,0
U0543,2024-01-10,Android,Trial,2024-01-29,15,0
U0544,2024-01-09,Android,Free,2024-01-29,11,0
U0545,2024-01-02,Android,Trial,2024-01-30,19,0
U0546,2024-01-10,Android,Trial,2024-01-29,21,0
U0547,2024-01-02,iOS,Paid,2024-01-29,19,0
U0548,2024-01-05,Android,Free,2024-01-25,9,0
U0549,2024-01-05,iOS,Free,2024-01-28,18,0
U0550,2024-01-06,Android,Trial,2024-01-30,18,0
U0551,2024-01-03,iOS,Free,2024-01-30,11,0
U0552,2024-01-08,Android,Trial,2024-01-27,9,0
U0553,2024-01-01,iOS,Trial,2024-01-30,16,0
U0554,2024-01-06,iOS,Trial,2024-01-30,23,0
U0555,2024-01-04,Android,Trial,2024-01-23,6,1
U0556,2024-01-01,Android,Trial,2024-01-30,7,0
U0557,2024-01-07,Android,Free,2024-01-28,22,0
U0558,2024-01-09,Android,Free,2024-01-27,4,0
U0559,2024-01-04,Android,Free,2024-01-27,12,0
U0560,2024-01-04,Android,Free,2024-01-30,23,0
U0561,2024-01-06,Android,Trial,2024-01-24,10,0
U0562,2024-01-03,Android,Trial,2024-01-30,9,0
U0563,2024-01-06,iOS,Trial,2024-01-28,3,0
U0564,2024-01-07,Android,Trial,2024-01-28,6,0
U0565,2024-01-10,iOS,Paid,2024-01-30,22,0
U0566,2024-01-10,Android,Trial,2024-01-27,4,0
U0567,2024-01-03,Android,Trial,2024-01-30,9,0
U0568,2024-01-07,Android,Trial,2024-01-29,18,0
U0569,2024-01-03,Android,Free,2024-01-30,16,0
U0570,2024-01-02,iOS,Free,2024-01-26,14,0
U0571,2024-01-10,Android,Free,2024-01-29,20,0
U0572,2024-01-04,iOS,Paid,2024-01-30,9,0
U0573,2024-01-08,Android,Trial,2024-01-29,11,0
U0574,2024-01-09,Android,Free,2024-01-28,7,0
U0575,2024-01-07,Android,Free,2024-01-30,20,0
U0576,2024-01-01,Android,Trial,2024-01-30,12,0
U0577,2024-01-03,Android,Free,2024-01-30,7,0
U0578,2024-01-09,Android,Free,2024-01-29,11,0
U0579,2024-01-01,Android,Trial,2024-01-25,11,0
U0580,2024-01-09,Android,Free,2024-01-30,18,0
U0581,2024-01-08,Android,Free,2024-01-29,13,0
U0582,2024-01-01,Android,Trial,2024-01-30,21,0
U0583,2024-01-06,Android,Trial,2024-01-30,21,0
U0584,2024-01-05,Android,Trial,2024-01-30,17,0
U0585,2024-01-06,Android,Free,2024-01-26,9,0
U0586,2024-01-10,Android,Free,2024-01-30,3,0
U0587,2024-01-05,Android,Free,2024-01-30,23,0
U0588,2024-01-06,Android,Trial,2024-01-30,17,0
U0589,2024-01-05,Android,Trial,2024-01-30,9,0
U0590,2024-01-05,iOS,Free,2024-01-28,19,0
U0591,2024-01-04,Android,Trial,2024-01-30,18,0
U0592,2024-01-03,Android,Free,2024-01-27,10,0
U0593,2024-01-03,Android,Free,2024-01-28,13,0
U0594,2024-01-04,Android,Free,2024-01-30,15,0
U0595,2024-01-09,Android,Free,2024-01-30,23,0
U0596,2024-01-02,Android,Trial,2024-01-30,20,0
U0597,2024-01-09,iOS,Trial,2024-01-30,15,0
U0598,2024-01-01,Android,Free,2024-01-30,17,0
U0599,2024-01-01,Android,Trial,2024-01-30,18,0
U0600,2024-01-05,Android,Free,2024-01-26,11,0
U0601,2024-01-06,Android,Trial,2024-01-30,17,0
U0602,2024-01-06,Android,Paid,2024-01-29,22,0
U0603,2024-01-03,Android,Free,2024-01-28,11,0
U0604,2024-01-07,Android,Trial,2024-01-30,20,0
U0605,2024-01-09,iOS,Free,2024-01-30,23,0
U0606,2024-01-10,Android,Free,2024-01-30,15,0
U0607,2024-01-08,Android,Free,2024-01-29,17,0
U0608,2024-01-06,Android,Trial,2024-01-26,11,0
U0609,2024-01-08,Android,Trial,2024-01-30,19,0
U0610,2024-01-05,Android,Free,2024-01-22,3,1
U0611,2024-01-08,Android,Trial,2024-01-26,12,0
U0612,2024-01-10,iOS,Trial,2024-01-17,4,1
U0613,2024-01-04,iOS,Trial,2024-01-29,21,0
U0614,2024-01-10,Android,Trial,2024-01-26,5,0
U0615,2024-01-08,iOS,Trial,2024-01-26,4,0
U0616,2024-01-10,Android,Free,2024-01-20,5,1
U0617,2024-01-02,Android,Free,2024-01-21,11,1
U0618,2024-01-05,Android,Paid,2024-01-30,6,0
U0619,2024-01-09,iOS,Free,2024-01-30,19,0
U0620,2024-01-04,Android,Paid,2024-01-28,15,0
U0621,2024-01-06,Android,Trial,2024-01-30,11,0
U0622,2024-01-01,Android,Free,2024-01-29,21,0
U0623,2024-01-09,Android,Free,2024-01-28,14,0
U0624,2024-01-01,Android,Free,2024-01-28,5,0
U0625,2024-01-05,Android,Paid,2024-01-29,14,0
U0626,2024-01-04,Android,Free,2024-01-30,19,0
U0627,2024-01-03,Android,Free,2024-01-26,5,0
U0628,2024-01-06,Android,Free,2024-01-30,20,0
U0629,2024-01-02,Android,Free,2024-01-13,3,1
U0630,2024-01-03,Android,Free,2024-01-29,6,0
U0631,2024-01-05,Android,Free,2024-01-27,10,0
U0632,2024-01-09,Android,Trial,2024-01-30,15,0
U0633,2024-01-02,Android,Free,2024-01-30,7,0
U0634,2024-01-10,Android,Free,2024-01-29,10,0
U0635,2024-01-08,iOS,Free,2024-01-30,18,0
U0636,2024-01-02,Android,Free,2024-01-30,17,0
U0637,2024-01-05,Android,Paid,2024-01-30,14,0
U0638,2024-01-07,Android,Trial,2024-01-29,22,0
U0639,2024-01-08,Android,Free,2024-01-30,24,0
U0640,2024-01-01,Android,Trial,2024-01-29,20,0
U0641,2024-01-06,Android,Free,2024-01-28,10,0
U0642,2024-01-01,Android,Free,2024-01-30,22,0
U0643,2024-01-02,Android,Paid,2024-01-29,16,0
U0644,2024-01-01,iOS,Trial,2024-01-30,6,0
U0645,2024-01-05,iOS,Paid,2024-01-28,13,0
U0646,2024-01-10,Android,Free,2024-01-26,9,0
U0647,2024-01-09,Android,Trial,2024-01-29,15,0
U0648,2024-01-06,iOS,Free,2024-01-30,19,0
U0649,2024-01-01,Android,Free,2024-01-28,14,0
U0650,2024-01-01,Android,Trial,2024-01-30,16,0
U0651,2024-01-02,iOS,Free,2024-01-29,15,0
U0652,2024-01-09,Android,Trial,2024-01-30,15,0
U0653,2024-01-03,Android,Trial,2024-01-29,3,0
U0654,2024-01-01,iOS,Free,2024-01-30,11,0
U0655,2024-01-05,Android,Trial,2024-01-29,9,0
U0656,2024-01-07,Android,Trial,2024-01-30,21,0
U0657,2024-01-06,Android,Free,2024-01-28,3,0
U0658,2024-01-01,iOS,Trial,2024-01-28,23,0
U0659,2024-01-05,iOS,Trial,2024-01-26,12,0
U0660,2024-01-05,iOS,Free,2024-01-26,14,0
U0661,2024-01-06,Android,Trial,2024-01-29,5,0
U0662,2024-01-03,iOS,Paid,2024-01-30,20,0
U0663,2024-01-05,iOS,Free,2024-01-27,8,0
U0664,2024-01-07,Android,Trial,2024-01-25,11,0
U0665,2024-01-05,iOS,Free,2024-01-30,8,0
U0666,2024-01-05,iOS,Trial,2024-01-17,5,1
U0667,2024-01-05,Android,Trial,2024-01-26,15,0
U0668,2024-01-10,Android,Free,2024-01-30,17,0
U0669,2024-01-10,Android,Free,2024-01-30,16,0
U0670,2024-01-03,Android,Trial,2024-01-25,4,0
U0671,2024-01-01,Android,Free,2024-01-30,22,0
U0672,2024-01-05,Android,Trial,2024-01-19,4,1
U0673,2024-01-09,iOS,Free,2024-01-29,17,0
U0674,2024-01-01,iOS,Trial,2024-01-30,24,0
U0675,2024-01-03,iOS,Trial,2024-01-30,17,0
U0676,2024-01-04,Android,Paid,2024-01-30,17,0
U0677,2024-01-01,Android,Free,2024-01-28,7,0
U0678,2024-01-01,Android,Trial,2024-01-30,22,0
U0679,2024-01-08,Android,Trial,2024-01-30,12,0
U0680,2024-01-02,iOS,Free,2024-01-30,14,0
U0681,2024-01-08,iOS,Free,2024-01-19,3,1
U0682,2024-01-07,Android,Free,2024-01-30,18,0
U0683,2024-01-10,iOS,Trial,2024-01-30,23,0
U0684,2024-01-10,iOS,Trial,2024-01-27,9,0
U0685,2024-01-02,Android,Free,2024-01-26,9,0
U0686,2024-01-06,iOS,Trial,2024-01-30,19,0
U0687,2024-01-06,Android,Free,2024-01-30,20,0
U0688,2024-01-03,Android,Free,2024-01-27,4,0
U0689,2024-01-02,Android,Paid,2024-01-30,17,0
U0690,2024-01-01,Android,Paid,2024-01-23,3,1
U0691,2024-01-06,Android,Trial,2024-01-30,9,0
U0692,2024-01-05,Android,Free,2024-01-28,13,0
U0693,2024-01-09,Android,Trial,2024-01-28,22,0
U0694,2024-01-01,Android,Free,2024-01-30,12,0
U0695,2024-01-07,Android,Free,2024-01-29,19,0
U0696,2024-01-05,Android,Free,2024-01-30,22,0
U0697,2024-01-05,Android,Trial,2024-01-24,11,0
U0698,2024-01-02,Android,Trial,2024-01-30,13,0
U0699,2024-01-03,Android,Free,2024-01-30,10,0
U0700,2024-01-07,Android,Trial,2024-01-30,21,0
U0701,2024-01-06,Android,Paid,2024-01-28,14,0
U0702,2024-01-02,Android,Free,2024-01-28,11,0
U0703,2024-01-06,iOS,Trial,2024-01-30,12,0
U0704,2024-01-02,Android,Trial,2024-01-29,7,0
U0705,2024-01-02,Android,Free,2024-01-25,4,0
U0706,2024-01-02,iOS,Free,2024-01-29,7,0
U0707,2024-01-03,iOS,Trial,2024-01-29,10,0
U0708,2024-01-02,iOS,Trial,2024-01-30,24,0
U0709,2024-01-04,iOS,Trial,2024-01-29,17,0
U0710,2024-01-09,Android,Free,2024-01-30,12,0
U0711,2024-01-06,Android,Paid,2024-01-30,4,0
U0712,2024-01-01,Android,Free,2024-01-30,15,0
U0713,2024-01-08,Android,Free,2024-01-27,11,0
U0714,2024-01-07,Android,Trial,2024-01-30,20,0
U0715,2024-01-10,Android,Free,2024-01-30,21,0
U0716,2024-01-03,Android,Free,2024-01-30,17,0
U0717,2024-01-01,iOS,Free,2024-01-29,16,0
U0718,2024-01-05,iOS,Free,2024-01-15,4,1
U0719,2024-01-04,Android,Free,2024-01-29,15,0
U0720,2024-01-10,iOS,Paid,2024-01-29,13,0
U0721,2024-01-08,Android,Free,2024-01-30,22,0
U0722,2024-01-01,iOS,Trial,2024-01-29,15,0
U0723,2024-01-10,Android,Trial,2024-01-26,17,0
U0724,2024-01-01,iOS,Paid,2024-01-30,6,0
U0725,2024-01-04,Android,Free,2024-01-30,18,0
U0726,2024-01-08,Android,Trial,2024-01-30,6,0
U0727,2024-01-05,Android,Trial,2024-01-30,21,0
U0728,2024-01-02,Android,Trial,2024-01-29,14,0
U0729,2024-01-06,Android,Trial,2024-01-30,19,0
U0730,2024-01-05,Android,Trial,2024-01-29,12,0
U0731,2024-01-02,Android,Free,2024-01-29,7,0
U0732,2024-01-03,Android,Trial,2024-01-30,18,0
U0733,2024-01-09,Android,Trial,2024-01-28,13,0
U0734,2024-01-07,iOS,Trial,2024-01-26,15,0
U0735,2024-01-07,Android,Paid,2024-01-29,14,0
U0736,2024-01-06,Android,Free,2024-01-25,7,0
U0737,2024-01-08,Android,Paid,2024-01-28,12,0
U0738,2024-01-04,iOS,Free,2024-01-20,4,1
U0739,2024-01-08,Android,Free,2024-01-25,5,0
U0740,2024-01-04,iOS,Free,2024-01-30,12,0
U0741,2024-01-08,iOS,Free,2024-01-30,16,0
U0742,2024-01-09,Android,Trial,2024-01-26,7,0
U0743,2024-01-03,Android,Free,2024-01-30,4,0
U0744,2024-01-03,iOS,Free,2024-01-27,8,0
U0745,2024-01-02,iOS,Paid,2024-01-30,10,0
U0746,2024-01-10,Android,Trial,2024-01-29,16,0
U0747,2024-01-03,Android,Trial,2024-01-29,20,0
U0748,2024-01-03,iOS,Trial,2024-01-30,17,0
U0749,2024-01-05,Android,Trial,2024-01-30,13,0
U0750,2024-01-05,iOS,Free,2024-01-29,8,0
U0751,2024-01-02,Android,Free,2024-01-30,9,0
U0752,2024-01-10,Android,Trial,2024-01-28,23,0
U0753,2024-01-06,iOS,Free,2024-01-30,23,0
U0754,2024-01-05,Android,Trial,2024-01-27,3,0
U0755,2024-01-06,Android,Free,2024-01-29,21,0
U0756,2024-01-01,Android,Free,2024-01-29,20,0
U0757,2024-01-05,Android,Trial,2024-01-30,6,0
U0758,2024-01-09,Android,Trial,2024-01-28,22,0
U0759,2024-01-10,Android,Trial,2024-01-29,15,0
U0760,2024-01-02,Android,Trial,2024-01-27,6,0
U0761,2024-01-01,iOS,Free,2024-01-29,6,0
U0762,2024-01-10,Android,Free,2024-01-28,15,0
U0763,2024-01-09,Android,Trial,2024-01-27,15,0
U0764,2024-01-10,Android,Trial,2024-01-30,22,0
U0765,2024-01-09,iOS,Free,2024-01-30,19,0
U0766,2024-01-09,iOS,Trial,2024-01-29,10,0
U0767,2024-01-06,Android,Free,2024-01-30,4,0
U0768,2024-01-08,Android,Free,2024-01-30,11,0
U0769,2024-01-01,Android,Free,2024-01-25,4,0
U0770,2024-01-10,iOS,Trial,2024-01-29,13,0
U0771,2024-01-04,iOS,Trial,2024-01-30,23,0
U0772,2024-01-01,Android,Free,2024-01-29,9,0
U0773,2024-01-08,iOS,Trial,2024-01-26,12,0
U0774,2024-01-01,iOS,Free,2024-01-30,18,0
U0775,2024-01-03,Android,Free,2024-01-29,11,0
U0776,2024-01-04,Android,Free,2024-01-30,19,0
U0777,2024-01-08,Android,Free,2024-01-26,7,0
U0778,2024-01-06,Android,Free,2024-01-28,6,0
U0779,2024-01-10,iOS,Trial,2024-01-30,23,0
U0780,2024-01-07,Android,Trial,2024-01-25,13,0
U0781,2024-01-08,Android,Trial,2024-01-30,16,0
U0782,2024-01-02,Android,Free,2024-01-30,13,0
U0783,2024-01-10,Android,Free,2024-01-30,15,0
U0784,2024-01-08,Android,Free,2024-01-29,13,0
U0785,2024-01-03,Android,Free,2024-01-26,3,0
U0786,2024-01-07,Android,Trial,2024-01-30,24,0
U0787,2024-01-03,Android,Free,2024-01-30,23,0
U0788,2024-01-07,Android,Trial,2024-01-30,20,0
U0789,2024-01-02,Android,Trial,2024-01-25,4,0
U0790,2024-01-10,Android,Free,2024-01-27,4,0
U0791,2024-01-06,Android,Trial,2024-01-28,18,0
U0792,2024-01-03,Android,Trial,2024-01-29,16,0
U0793,2024-01-03,Android,Trial,2024-01-29,15,0
U0794,2024-01-09,Android,Trial,2024-01-29,15,0
U0795,2024-01-07,Android,Free,2024-01-27,16,0
U0796,2024-01-05,iOS,Free,2024-01-28,4,0
U0797,2024-01-10,Android,Free,2024-01-23,10,1
U0798,2024-01-07,Android,Free,2024-01-29,24,0
U0799,2024-01-09,iOS,Trial,2024-01-27,10,0
U0800,2024-01-01,Android,Free,2024-01-22,6,1
U0801,2024-01-07,Android,Paid,2024-01-30,16,0
U0802,2024-01-06,iOS,Trial,2024-01-28,10,0
U0803,2024-01-10,iOS,Free,2024-01-18,4,1
U0804,2024-01-09,Android,Free,2024-01-28,19,0
U0805,2024-01-01,Android,Trial,2024-01-29,7,0
U0806,2024-01-04,Android,Trial,2024-01-23,5,1
U0807,2024-01-09,Android,Trial,2024-01-29,17,0
U0808,2024-01-04,Android,Free,2024-01-24,3,0
U0809,2024-01-10,Android,Free,2024-01-29,13,0
U0810,2024-01-03,Android,Free,2024-01-30,18,0
U0811,2024-01-09,Android,Free,2024-01-30,12,0
U0812,2024-01-02,iOS,Trial,2024-01-30,11,0
U0813,2024-01-04,Android,Trial,2024-01-25,15,0
U0814,2024-01-06,Android,Trial,2024-01-28,13,0
U0815,2024-01-02,Android,Trial,2024-01-25,9,0
U0816,2024-01-08,Android,Trial,2024-01-28,11,0
U0817,2024-01-08,Android,Free,2024-01-27,5,0
U0818,2024-01-01,Android,Free,2024-01-25,8,0
U0819,2024-01-03,Android,Paid,2024-01-24,3,0
U0820,2024-01-10,Android,Free,2024-01-30,19,0
U0821,2024-01-09,Android,Paid,2024-01-30,3,0
U0822,2024-01-05,Android,Trial,2024-01-30,19,0
U0823,2024-01-06,Android,Free,2024-01-30,17,0
U0824,2024-01-04,Android,Trial,2024-01-30,22,0
U0825,2024-01-10,iOS,Trial,2024-01-29,4,0
U0826,2024-01-02,Android,Trial,2024-01-30,21,0
U0827,2024-01-08,Android,Paid,2024-01-30,21,0
U0828,2024-01-06,Android,Paid,2024-01-30,12,0
U0829,2024-01-05,Android,Free,2024-01-30,13,0
U0830,2024-01-09,iOS,Free,2024-01-30,22,0
U0831,2024-01-01,Android,Paid,2024-01-27,10,0
U0832,2024-01-05,iOS,Trial,2024-01-30,15,0
U0833,2024-01-06,Android,Free,2024-01-30,15,0
U0834,2024-01-05,Android,Free,2024-01-29,12,0
U0835,2024-01-06,Android,Trial,2024-01-29,23,0
U0836,2024-01-06,iOS,Paid,2024-01-30,3,0
U0837,2024-01-07,Android,Trial,2024-01-22,11,1
U0838,2024-01-04,Android,Trial,2024-01-26,12,0
U0839,2024-01-08,iOS,Free,2024-01-30,13,0
U0840,2024-01-07,Android,Free,2024-01-27,4,0
U0841,2024-01-09,Android,Trial,2024-01-28,18,0
U0842,2024-01-07,Android,Free,2024-01-28,8,0
U0843,2024-01-03,iOS,Free,2024-01-16,3,1
U0844,2024-01-03,Android,Free,2024-01-23,7,1
U0845,2024-01-08,iOS,Trial,2024-01-29,13,0
U0846,2024-01-05,iOS,Paid,2024-01-30,20,0
U0847,2024-01-04,Android,Free,2024-01-30,22,0
U0848,2024-01-08,Android,Free,2024-01-29,20,0
U0849,2024-01-06,Android,Trial,2024-01-30,21,0
U0850,2024-01-02,Android,Paid,2024-01-30,16,0
U0851,2024-01-04,iOS,Free,2024-01-29,15,0
U0852,2024-01-04,iOS,Free,2024-01-29,21,0
U0853,2024-01-06,Android,Free,2024-01-28,14,0
U0854,2024-01-06,Android,Trial,2024-01-28,15,0
U0855,2024-01-01,Android,Free,2024-01-30,18,0
U0856,2024-01-08,Android,Free,2024-01-30,10,0
U0857,2024-01-06,Android,Trial,2024-01-29,21,0
U0858,2024-01-03,Android,Trial,2024-01-30,23,0
U0859,2024-01-09,Android,Free,2024-01-30,21,0
U0860,2024-01-02,Android,Trial,2024-01-22,6,1
U0861,2024-01-08,Android,Free,2024-01-30,13,0
U0862,2024-01-10,Android,Trial,2024-01-30,18,0
U0863,2024-01-03,Android,Free,2024-01-29,12,0
U0864,2024-01-05,iOS,Trial,2024-01-29,16,0
U0865,2024-01-06,Android,Free,2024-01-30,18,0
U0866,2024-01-10,iOS,Trial,2024-01-30,9,0
U0867,2024-01-06,iOS,Trial,2024-01-30,8,0
U0868,2024-01-04,Android,Trial,2024-01-30,21,0
U0869,2024-01-03,iOS,Trial,2024-01-29,11,0
U0870,2024-01-04,Android,Trial,2024-01-30,20,0
U0871,2024-01-01,Android,Free,2024-01-30,11,0
U0872,2024-01-04,Android,Free,2024-01-29,22,0
U0873,2024-01-01,Android,Paid,2024-01-30,19,0
U0874,2024-01-01,Android,Free,2024-01-26,9,0
U0875,2024-01-10,Android,Trial,2024-01-30,19,0
U0876,2024-01-06,Android,Paid,2024-01-30,22,0
U0877,2024-01-05,Android,Free,2024-01-30,22,0
U0878,2024-01-04,Android,Trial,2024-01-29,15,0
U0879,2024-01-03,iOS,Free,2024-01-30,9,0
U0880,2024-01-01,Android,Trial,2024-01-29,17,0
U0881,2024-01-06,Android,Free,2024-01-30,21,0
U0882,2024-01-02,iOS,Free,2024-01-24,6,0
U0883,2024-01-08,Android,Trial,2024-01-29,14,0
U0884,2024-01-10,Android,Trial,2024-01-22,4,1
U0885,2024-01-05,Android,Trial,2024-01-30,17,0
U0886,2024-01-07,Android,Trial,2024-01-30,18,0
U0887,2024-01-10,iOS,Free,2024-01-30,4,0
U0888,2024-01-02,Android,Trial,2024-01-29,10,0
U0889,2024-01-08,iOS,Free,2024-01-30,8,0
U0890,2024-01-02,Android,Paid,2024-01-30,7,0
U0891,2024-01-04,Android,Trial,2024-01-29,8,0
U0892,2024-01-01,Android,Trial,2024-01-23,6,1
U0893,2024-01-05,Android,Paid,2024-01-29,15,0
U0894,2024-01-09,Android,Free,2024-01-30,17,0
U0895,2024-01-01,iOS,Trial,2024-01-30,23,0
U0896,2024-01-09,iOS,Free,2024-01-30,15,0
U0897,2024-01-08,Android,Paid,2024-01-26,16,0
U0898,2024-01-06,iOS,Free,2024-01-30,16,0
U0899,2024-01-07,iOS,Trial,2024-01-30,8,0
U0900,2024-01-03,Android,Trial,2024-01-30,21,0
U0901,2024-01-01,Android,Free,2024-01-28,10,0
U0902,2024-01-05,Android,Free,2024-01-30,20,0
U0903,2024-01-02,Android,Trial,2024-01-20,4,1
U0904,2024-01-05,Android,Free,2024-01-30,19,0
U0905,2024-01-08,Android,Free,2024-01-30,14,0
U0906,2024-01-09,iOS,Free,2024-01-29,8,0
U0907,2024-01-02,Android,Free,2024-01-29,23,0
U0908,2024-01-03,Android,Trial,2024-01-29,8,0
U0909,2024-01-03,iOS,Trial,2024-01-30,21,0
U0910,2024-01-01,iOS,Free,2024-01-27,6,0
U0911,2024-01-08,Android,Free,2024-01-27,15,0
U0912,2024-01-06,iOS,Free,2024-01-14,3,1
U0913,2024-01-08,Android,Free,2024-01-30,10,0
U0914,2024-01-09,Android,Free,2024-01-30,5,0
U0915,2024-01-05,Android,Free,2024-01-25,14,0
U0916,2024-01-03,Android,Free,2024-01-25,15,0
U0917,2024-01-05,Android,Trial,2024-01-30,22,0
U0918,2024-01-05,Android,Free,2024-01-21,6,1
U0919,2024-01-05,Android,Trial,2024-01-29,19,0
U0920,2024-01-03,Android,Trial,2024-01-30,18,0
U0921,2024-01-10,Android,Trial,2024-01-29,20,0
U0922,2024-01-04,iOS,Trial,2024-01-17,6,1
U0923,2024-01-09,Android,Trial,2024-01-30,10,0
U0924,2024-01-10,Android,Trial,2024-01-30,24,0
U0925,2024-01-09,Android,Trial,2024-01-27,6,0
U0926,2024-01-02,Android,Trial,2024-01-30,13,0
U0927,2024-01-08,Android,Trial,2024-01-29,11,0
U0928,2024-01-08,iOS,Trial,2024-01-26,3,0
U0929,2024-01-07,Android,Free,2024-01-21,6,1
U0930,2024-01-08,Android,Free,2024-01-29,9,0
U0931,2024-01-03,Android,Free,2024-01-25,6,0
U0932,2024-01-06,Android,Trial,2024-01-24,6,0
U0933,2024-01-01,Android,Trial,2024-01-29,24,0
U0934,2024-01-07,Android,Paid,2024-01-25,5,0
U0935,2024-01-01,Android,Trial,2024-01-29,13,0
U0936,2024-01-09,Android,Free,2024-01-30,13,0
U0937,2024-01-01,Android,Free,2024-01-28,14,0
U0938,2024-01-01,Android,Trial,2024-01-30,14,0
U0939,2024-01-07,iOS,Trial,2024-01-20,7,1
U0940,2024-01-02,iOS,Paid,2024-01-17,6,1
U0941,2024-01-05,iOS,Free,2024-01-22,6,1
U0942,2024-01-08,Android,Trial,2024-01-29,17,0
U0943,2024-01-08,Android,Trial,2024-01-30,15,0
U0944,2024-01-03,Android,Trial,2024-01-28,5,0
U0945,2024-01-07,Android,Trial,2024-01-28,9,0
U0946,2024-01-03,Android,Trial,2024-01-30,23,0
U0947,2024-01-06,Android,Free,2024-01-30,10,0
U0948,2024-01-06,Android,Trial,2024-01-30,9,0
U0949,2024-01-03,iOS,Trial,2024-01-30,22,0
U0950,2024-01-07,Android,Trial,2024-01-30,22,0
U0951,2024-01-03,Android,Trial,2024-01-30,10,0
U0952,2024-01-08,Android,Free,2024-01-30,21,0
U0953,2024-01-10,iOS,Free,2024-01-30,20,0
U0954,2024-01-04,Android,Paid,2024-01-30,22,0
U0955,2024-01-01,Android,Trial,2024-01-29,15,0
U0956,2024-01-04,Android,Paid,2024-01-27,8,0
U0957,2024-01-07,Android,Free,2024-01-30,19,0
U0958,2024-01-04,Android,Trial,2024-01-30,8,0
U0959,2024-01-06,iOS,Trial,2024-01-30,12,0
U0960,2024-01-09,Android,Paid,2024-01-24,3,0
U0961,2024-01-01,Android,Free,2024-01-29,24,0
U0962,2024-01-05,Android,Trial,2024-01-29,9,0
U0963,2024-01-07,Android,Trial,2024-01-22,3,1
U0964,2024-01-01,Android,Free,2024-01-30,18,0
U0965,2024-01-04,Android,Trial,2024-01-29,19,0
U0966,2024-01-06,Android,Trial,2024-01-28,6,0
U0967,2024-01-02,Android,Paid,2024-01-30,20,0
U0968,2024-01-10,Android,Free,2024-01-30,21,0
U0969,2024-01-05,Android,Free,2024-01-29,14,0
U0970,2024-01-10,Android,Free,2024-01-29,9,0
U0971,2024-01-01,iOS,Free,2024-01-30,23,0
U0972,2024-01-06,Android,Free,2024-01-29,8,0
U0973,2024-01-06,Android,Trial,2024-01-28,5,0
U0974,2024-01-04,iOS,Free,2024-01-30,14,0
U0975,2024-01-08,Android,Paid,2024-01-28,13,0
U0976,2024-01-04,iOS,Paid,2024-01-30,19,0
U0977,2024-01-08,Android,Trial,2024-01-25,4,0
U0978,2024-01-08,iOS,Paid,2024-01-30,16,0
U0979,2024-01-05,Android,Trial,2024-01-30,18,0
U0980,2024-01-04,Android,Trial,2024-01-24,5,0
U0981,2024-01-02,Android,Free,2024-01-25,12,0
U0982,2024-01-03,iOS,Free,2024-01-29,23,0
U0983,2024-01-03,iOS,Trial,2024-01-24,4,0
U0984,2024-01-04,Android,Trial,2024-01-23,10,1
U0985,2024-01-04,Android,Free,2024-01-30,14,0
U0986,2024-01-10,iOS,Trial,2024-01-29,13,0
U0987,2024-01-05,Android,Trial,2024-01-27,3,0
U0988,2024-01-04,iOS,Free,2024-01-30,21,0
U0989,2024-01-10,iOS,Paid,2024-01-28,9,0
U0990,2024-01-08,Android,Trial,2024-01-28,4,0
U0991,2024-01-06,Android,Free,2024-01-28,7,0
U0992,2024-01-06,Android,Trial,2024-01-30,19,0
U0993,2024-01-08,Android,Free,2024-01-27,11,0
U0994,2024-01-07,iOS,Trial,2024-01-29,8,0
U0995,2024-01-10,Android,Free,2024-01-30,18,0
U0996,2024-01-10,iOS,Free,2024-01-22,3,1
U0997,2024-01-08,Android,Paid,2024-01-29,4,0
U0998,2024-01-02,iOS,Trial,2024-01-23,9,1
U0999,2024-01-09,Android,Free,2024-01-23,6,1
